20191216,110002925,1113273,5,1.2117327,G2FormationPace,360Video,ERP,7680,3840,10s,29.97fps,crf10,120957k,8bit,H265
20191216,105738006,968355,5,2.1543463,G2FormationPace,360Video,ERP,7680,3840,10s,29.97fps,QP22,30206k,8bit,H265
20191216,110454614,1404963,5,1.8487794,G2FormationPace,360Video,ERP,7680,3840,10s,29.97fps,QP27,15079k,8bit,H265
20191216,105852454,1042803,4,2.4086817,G2FormationPace,360Video,ERP,7680,3840,10s,29.97fps,QP32,7561k,8bit,H265
20191216,110530514,1440863,3,2.095678,G2FormationPace,360Video,ERP,7680,3840,10s,29.97fps,QP37,3798k,8bit,H265
20191216,105903813,1054162,3,0.9670042,G2FormationPace,360Video,ERP,7680,3840,10s,29.97fps,QP42,1754k,8bit,H265
20191216,105525610,835959,5,1.0676141,G2FormationPace,360Video,ERP,6144,3072,10s,29.97fps,crf10,88060k,8bit,H265
20191216,105711244,941593,5,1.1942038,G2FormationPace,360Video,ERP,6144,3072,10s,29.97fps,QP22,21564k,8bit,H265
20191216,110231406,1261755,3,2.1212063,G2FormationPace,360Video,ERP,6144,3072,10s,29.97fps,QP27,10890k,8bit,H265
20191216,105937814,1088163,4,1.3211605,G2FormationPace,360Video,ERP,6144,3072,10s,29.97fps,QP32,5506k,8bit,H265
20191216,110153975,1224324,3,1.7878546,G2FormationPace,360Video,ERP,6144,3072,10s,29.97fps,QP37,2741k,8bit,H265
20191216,105449766,800115,2,1.7962039,G2FormationPace,360Video,ERP,6144,3072,10s,29.97fps,QP42,1228k,8bit,H265
20191216,105437725,788074,4,1.7252051,G2FormationPace,360Video,ERP,4096,2048,10s,29.97fps,crf10,48673k,8bit,H265
20191216,110254985,1285334,3,2.2975564,G2FormationPace,360Video,ERP,4096,2048,10s,29.97fps,QP22,11921k,8bit,H265
20191216,110331544,1321892,3,3.5697276,G2FormationPace,360Video,ERP,4096,2048,10s,29.97fps,QP27,6091k,8bit,H265
20191216,110343597,1333945,3,1.9343585,G2FormationPace,360Video,ERP,4096,2048,10s,29.97fps,QP32,3042k,8bit,H265
20191216,110505774,1416122,2,1.020069,G2FormationPace,360Video,ERP,4096,2048,10s,29.97fps,QP37,1454k,8bit,H265
20191216,105725486,955835,2,4.0889637,G2FormationPace,360Video,ERP,4096,2048,10s,29.97fps,QP42,616k,8bit,H265
20191216,110026282,1136630,3,1.3032447,G2FormationPace,360Video,ERP,3600,1800,10s,29.97fps,crf10,40026k,8bit,H265
20191216,105814308,1004657,4,1.1718055,G2FormationPace,360Video,ERP,3600,1800,10s,29.97fps,QP22,9834k,8bit,H265
20191216,110317816,1308165,3,1.402003,G2FormationPace,360Video,ERP,3600,1800,10s,29.97fps,QP27,5028k,8bit,H265
20191216,110518026,1428375,2,2.1630361,G2FormationPace,360Video,ERP,3600,1800,10s,29.97fps,QP32,2494k,8bit,H265
20191216,105537003,847351,4,1.2834528,G2FormationPace,360Video,ERP,3600,1800,10s,29.97fps,QP37,1181k,8bit,H265
20191216,105914727,1065076,1,0.8239167,G2FormationPace,360Video,ERP,3600,1800,10s,29.97fps,QP42,498k,8bit,H265
20191216,105622967,893316,3,0.9442025,G2FormationPace,360Video,ERP,2048,1024,10s,29.97fps,crf10,15940k,8bit,H265
20191216,110130252,1200600,3,2.3683099,G2FormationPace,360Video,ERP,2048,1024,10s,29.97fps,QP22,3928k,8bit,H265
20191216,110605655,1476004,2,1.6717091,G2FormationPace,360Video,ERP,2048,1024,10s,29.97fps,QP27,1950k,8bit,H265
20191216,110419318,1369667,2,0.9906612,G2FormationPace,360Video,ERP,2048,1024,10s,29.97fps,QP32,921k,8bit,H265
20191216,110430420,1380769,1,1.0561516,G2FormationPace,360Video,ERP,2048,1024,10s,29.97fps,QP37,412k,8bit,H265
20191216,105548162,858511,1,1.1121277,G2FormationPace,360Video,ERP,2048,1024,10s,29.97fps,QP42,167k,8bit,H265